Is the pest in the image an armyworm?,Is the armyworm green in color?,Is the armyworm brown in color?,Is the armyworm found on the leaf top?,Is the armyworm found on the underside of the leaf?,Is the armyworm present on the stem?,Is the armyworm feeding on the crop?,Are visible bite marks present on the leaf?,Are there multiple armyworms in the image?,Is any frass (armyworm waste) visible near the pest?,Are eggs visible near the armyworm?,Are larvae of the armyworm visible?,Has the crop been attacked by armyworm in previous seasons?,Was pesticide recently applied to this crop area?,Is the armyworm population increasing?,Is the armyworm active during daylight hours?,Is the armyworm mostly active during night?,Is the leaf portion of the plant affected?,Is the stem portion of the plant affected?,Is the damage restricted to a small part of the crop?,Are nearby plants also showing signs of armyworm infestation?,Is the armyworm moving actively?,Are there signs of curled leaves due to feeding?,Has the armyworm damaged more than one section of the same plant?,Is there visible discoloration of the crop due to pest feeding?,Does the armyworm show striping or lines on its body?,Is the length of the armyworm greater than 20 mm?,Are any dead armyworms seen in the area (possibly due to pesticide)?,Is any chewing sound audible during the inspection?,Has any farmer nearby reported armyworm infestation in the last week?,Insect_Present
Yes,No,Yes,No,No,Yes,Yes,No,Yes,Yes,No,Yes,Yes,No,No,No,Yes,No,Yes,Yes,Yes,Yes,No,Yes,Yes,Yes,Yes,No,No,Yes,Present
No,No,No,Yes,Yes,Yes,Yes,Yes,Yes,Yes,Yes,No,No,Yes,No,No,Yes,Yes,Yes,Yes,No,Yes,Yes,No,No,No,Yes,No,Yes,Yes,Present
No,No,No,No,Yes,No,No,No,Yes,No,No,No,No,No,No,No,No,No,No,No,No,No,No,No,No,No,No,No,No,No,Not Present
No,No,Yes,Yes,No,Yes,Yes,Yes,Yes,No,No,No,No,No,Yes,No,No,Yes,Yes,Yes,Yes,Yes,No,No,Yes,Yes,Yes,No,No,Yes,Present
Yes,Yes,No,Yes,Yes,Yes,Yes,No,No,No,No,Yes,Yes,No,No,No,No,No,Yes,Yes,Yes,No,Yes,Yes,Yes,No,No,Yes,No,Yes,Present
No,No,No,No,No,No,No,No,No,No,No,No,No,No,No,No,No,No,No,No,No,No,No,No,No,No,No,No,No,No,Not Present
Yes,Yes,Yes,No,No,No,Yes,No,No,No,No,Yes,Yes,No,Yes,Yes,No,No,Yes,No,Yes,Yes,No,No,Yes,No,Yes,Yes,No,No,Present
No,No,No,No,No,Yes,Yes,No,Yes,Yes,No,Yes,No,Yes,No,Yes,Yes,No,No,No,Yes,No,No,Yes,No,Yes,No,Yes,Yes,Yes,Present
Yes,Yes,Yes,Yes,No,Yes,No,Yes,Yes,No,No,No,No,Yes,No,No,Yes,Yes,No,Yes,Yes,No,No,No,No,Yes,No,No,No,No,Present
No,No,No,Yes,No,No,No,No,No,No,No,No,No,No,No,No,No,No,No,No,No,No,No,No,No,No,No,No,No,No,Not Present
No,No,No,No,No,No,No,No,No,No,No,No,No,No,No,Yes,No,No,No,No,No,Yes,No,No,No,No,No,No,No,No,Not Present
No,No,No,Yes,No,No,No,No,No,No,No,No,No,No,No,No,No,No,No,No,Yes,No,No,No,No,No,No,No,No,No,Not Present
No,No,Yes,Yes,No,No,Yes,No,No,No,No,No,Yes,Yes,Yes,No,No,Yes,No,No,Yes,No,Yes,No,Yes,No,No,Yes,No,No,Present
No,Yes,No,No,No,No,No,No,No,No,No,No,No,No,No,No,No,No,No,Yes,No,No,No,Yes,No,No,No,No,No,No,Not Present
No,Yes,No,No,No,Yes,No,No,No,No,No,No,No,Yes,No,No,No,No,No,No,No,No,No,No,No,No,No,No,No,No,Not Present
No,No,No,No,No,No,No,No,No,No,No,Yes,No,No,No,No,No,No,No,No,No,No,No,No,No,No,No,No,No,No,Not Present
No,No,Yes,No,Yes,No,No,No,No,No,No,No,No,No,No,No,No,No,No,No,Yes,No,No,Yes,No,No,No,Yes,No,No,Not Present
Yes,No,No,Yes,No,Yes,No,Yes,Yes,Yes,Yes,Yes,No,Yes,No,Yes,No,No,No,Yes,No,No,No,No,Yes,No,Yes,Yes,No,Yes,Present
No,Yes,No,Yes,Yes,No,Yes,Yes,Yes,No,Yes,No,No,No,No,No,No,Yes,Yes,No,Yes,No,No,No,No,Yes,No,No,No,Yes,Present
No,Yes,Yes,Yes,No,No,Yes,No,No,Yes,Yes,Yes,No,Yes,No,No,Yes,No,No,Yes,No,No,No,No,No,Yes,Yes,Yes,No,No,Present
Yes,Yes,No,Yes,Yes,Yes,No,No,No,No,Yes,Yes,No,No,Yes,Yes,Yes,Yes,No,Yes,No,Yes,Yes,Yes,Yes,Yes,No,Yes,No,Yes,Present
No,No,No,No,No,No,Yes,No,No,No,No,No,No,No,No,No,No,No,No,No,No,No,No,No,No,No,No,No,No,No,Not Present
Yes,Yes,No,No,No,Yes,Yes,Yes,Yes,Yes,Yes,Yes,No,Yes,Yes,Yes,Yes,Yes,Yes,No,No,Yes,Yes,No,Yes,No,Yes,Yes,No,No,Present
No,No,No,No,No,No,No,No,No,Yes,No,No,No,No,No,No,No,No,No,No,No,No,No,No,No,No,No,No,No,No,Not Present
No,No,No,No,No,No,No,No,No,No,Yes,No,No,No,No,No,No,No,No,No,No,No,No,No,No,No,No,No,No,No,Not Present
Yes,Yes,Yes,Yes,No,Yes,Yes,Yes,No,Yes,No,Yes,Yes,No,No,No,No,Yes,Yes,Yes,Yes,Yes,Yes,No,No,No,Yes,No,Yes,Yes,Present
No,No,No,No,No,No,No,No,No,Yes,No,No,No,No,No,No,No,No,No,No,No,No,No,No,No,No,No,No,No,No,Not Present
No,No,No,Yes,No,No,No,No,No,No,No,No,No,No,No,No,Yes,No,No,No,No,No,No,No,No,No,No,No,No,Yes,Not Present
Yes,Yes,No,Yes,Yes,Yes,No,Yes,No,Yes,Yes,No,No,Yes,Yes,Yes,Yes,Yes,Yes,No,Yes,No,Yes,No,No,Yes,Yes,No,Yes,Yes,Present
Yes,No,No,No,No,Yes,No,Yes,No,Yes,Yes,Yes,No,Yes,No,Yes,Yes,No,Yes,Yes,No,No,Yes,Yes,Yes,Yes,Yes,No,No,Yes,Present
No,No,No,No,No,No,No,No,No,No,No,No,No,No,No,No,No,No,No,No,No,No,No,No,No,No,No,No,No,No,Not Present
No,No,No,Yes,No,No,Yes,No,No,No,No,No,No,No,No,No,Yes,No,No,No,No,No,No,No,No,No,No,No,No,No,Not Present
No,No,No,No,No,Yes,Yes,Yes,No,Yes,No,Yes,Yes,No,No,Yes,No,No,Yes,No,No,No,Yes,Yes,Yes,No,No,Yes,Yes,No,Present
Yes,No,No,Yes,No,No,Yes,Yes,Yes,Yes,Yes,No,Yes,No,Yes,No,No,No,Yes,Yes,No,Yes,No,No,No,Yes,No,No,No,No,Present
No,No,Yes,No,Yes,No,Yes,Yes,No,Yes,Yes,Yes,Yes,No,Yes,Yes,No,Yes,Yes,No,Yes,No,Yes,No,No,Yes,No,No,Yes,No,Present
No,No,No,No,No,No,No,No,No,No,No,No,No,No,No,No,No,No,No,No,No,No,No,No,No,No,No,No,No,No,Not Present
No,No,No,No,No,No,No,No,No,No,No,No,No,No,No,No,No,No,No,No,No,No,No,No,No,No,Yes,No,No,Yes,Not Present
No,No,No,No,No,No,No,No,No,No,No,No,No,No,No,No,No,No,No,No,No,No,No,No,No,No,No,No,No,No,Not Present
No,No,Yes,No,No,Yes,Yes,No,No,Yes,No,No,Yes,Yes,No,No,No,Yes,Yes,Yes,Yes,Yes,No,Yes,Yes,Yes,Yes,Yes,No,No,Present
Yes,Yes,Yes,Yes,No,No,No,Yes,No,Yes,No,Yes,No,Yes,Yes,Yes,Yes,No,No,No,No,Yes,Yes,No,Yes,No,Yes,Yes,No,Yes,Present
No,No,No,No,No,No,No,No,No,No,No,No,No,No,No,No,No,No,No,No,No,No,No,No,No,No,No,No,No,No,Not Present
No,Yes,Yes,No,Yes,No,Yes,Yes,Yes,No,Yes,Yes,No,Yes,No,No,Yes,No,Yes,Yes,No,No,No,No,Yes,Yes,No,Yes,No,Yes,Present
No,No,No,No,No,No,No,No,No,No,Yes,No,No,No,No,No,No,No,No,Yes,No,No,No,Yes,No,No,No,No,No,No,Not Present
No,No,No,No,No,Yes,No,No,Yes,No,Yes,No,Yes,Yes,No,Yes,Yes,Yes,No,No,Yes,Yes,No,No,Yes,Yes,No,No,Yes,Yes,Present
Yes,No,Yes,Yes,No,Yes,Yes,No,Yes,No,No,No,No,Yes,Yes,Yes,No,Yes,Yes,Yes,No,Yes,Yes,No,Yes,No,Yes,No,Yes,No,Present
No,Yes,Yes,Yes,No,No,Yes,No,Yes,No,Yes,Yes,No,Yes,No,Yes,No,Yes,No,No,No,No,No,Yes,Yes,Yes,Yes,Yes,Yes,No,Present
No,No,No,No,No,No,No,No,No,No,No,No,No,No,No,No,Yes,No,No,No,No,No,No,No,No,No,No,No,No,No,Not Present
No,Yes,No,No,Yes,No,No,No,No,No,No,No,No,No,No,No,No,No,No,No,No,No,No,No,No,No,No,No,Yes,Yes,Not Present
No,No,No,Yes,Yes,Yes,Yes,Yes,Yes,Yes,Yes,Yes,Yes,Yes,No,No,Yes,No,Yes,No,No,Yes,No,No,Yes,Yes,Yes,No,Yes,Yes,Present
No,No,No,No,No,No,No,No,No,No,No,No,No,No,No,No,No,No,No,No,No,No,No,No,No,No,No,No,No,No,Not Present
No,No,Yes,No,No,No,No,No,No,No,No,No,No,No,No,No,No,No,No,Yes,No,No,No,No,No,No,No,No,No,No,Not Present
No,No,Yes,No,No,No,No,No,No,Yes,No,No,No,No,No,Yes,Yes,No,No,No,No,Yes,No,No,No,No,No,No,No,No,Not Present
No,No,No,No,No,No,No,No,Yes,No,No,No,No,No,No,No,No,No,No,No,No,Yes,No,No,No,No,No,No,No,No,Not Present
No,No,No,No,No,No,No,No,No,No,No,No,No,No,No,No,No,No,No,No,No,No,No,No,No,No,No,No,No,No,Not Present
No,No,No,No,Yes,Yes,No,No,Yes,No,No,Yes,Yes,No,Yes,No,No,No,No,No,Yes,No,No,No,No,No,No,Yes,Yes,No,Present
No,Yes,No,No,No,No,No,No,No,Yes,Yes,No,No,Yes,No,Yes,No,Yes,No,Yes,No,No,No,Yes,No,Yes,Yes,No,No,Yes,Present
No,No,No,No,No,No,No,No,No,No,No,No,No,No,No,Yes,No,No,No,No,No,No,No,No,No,No,No,No,No,No,Not Present
Yes,Yes,Yes,Yes,No,No,Yes,No,Yes,No,Yes,Yes,Yes,Yes,Yes,No,Yes,Yes,No,Yes,No,Yes,Yes,No,No,No,No,No,No,No,Present
No,Yes,No,No,No,No,No,No,No,No,No,No,No,No,No,No,No,No,No,No,No,No,No,No,No,No,No,No,No,No,Not Present
Yes,No,No,No,No,Yes,No,Yes,Yes,No,Yes,No,Yes,Yes,No,No,No,No,Yes,Yes,No,Yes,Yes,No,Yes,No,No,Yes,Yes,Yes,Present
No,No,Yes,Yes,Yes,No,Yes,No,No,Yes,No,No,Yes,No,No,No,Yes,Yes,No,Yes,Yes,Yes,No,No,Yes,No,No,No,No,Yes,Present
No,No,No,No,No,No,No,No,No,No,No,No,No,No,No,No,No,No,No,No,No,No,No,No,No,No,No,No,No,No,Not Present
No,No,No,Yes,No,No,No,No,No,No,No,No,No,No,No,No,No,No,No,No,No,No,No,No,No,No,No,No,No,No,Not Present
No,No,No,No,No,No,No,No,No,No,No,No,No,No,No,No,No,No,No,No,No,No,No,No,No,No,No,No,Yes,No,Not Present
No,No,No,No,No,No,No,No,No,No,No,No,No,No,No,No,No,No,No,No,No,No,No,No,No,No,No,No,No,No,Not Present
Yes,Yes,No,No,No,Yes,No,No,Yes,No,No,Yes,No,Yes,No,No,Yes,Yes,No,No,Yes,Yes,No,No,Yes,Yes,Yes,No,Yes,No,Present
No,No,No,No,Yes,No,No,No,No,No,No,No,No,No,No,Yes,No,Yes,No,No,No,No,Yes,No,No,No,Yes,No,No,No,Not Present
No,No,No,Yes,No,No,No,Yes,Yes,Yes,Yes,No,Yes,No,Yes,No,Yes,No,Yes,No,Yes,No,Yes,No,Yes,No,Yes,Yes,Yes,No,Present
No,No,No,No,Yes,Yes,Yes,Yes,No,Yes,No,Yes,No,Yes,No,Yes,Yes,No,Yes,No,No,No,Yes,No,Yes,Yes,No,No,Yes,Yes,Present
No,No,No,Yes,Yes,No,Yes,No,Yes,No,No,Yes,Yes,Yes,No,Yes,No,Yes,Yes,Yes,No,Yes,Yes,Yes,Yes,Yes,No,No,Yes,No,Present
No,Yes,Yes,Yes,Yes,Yes,No,Yes,Yes,No,No,Yes,Yes,No,No,Yes,No,Yes,Yes,Yes,No,Yes,No,Yes,Yes,No,No,No,No,Yes,Present
Yes,Yes,Yes,No,Yes,Yes,Yes,Yes,No,Yes,No,No,Yes,Yes,Yes,No,Yes,No,Yes,No,Yes,No,No,No,Yes,No,No,Yes,No,Yes,Present
No,No,No,No,No,No,No,No,No,No,No,No,No,No,Yes,No,No,No,No,No,No,No,No,No,No,No,No,No,No,Yes,Not Present
No,No,No,No,No,No,No,No,No,No,No,No,No,No,Yes,No,No,No,No,No,No,No,No,No,No,No,No,No,No,No,Not Present
Yes,No,No,No,Yes,No,No,No,No,No,No,Yes,Yes,No,Yes,Yes,No,No,Yes,Yes,Yes,No,Yes,No,Yes,Yes,No,Yes,Yes,No,Present
No,No,No,No,No,No,Yes,No,Yes,Yes,No,Yes,Yes,Yes,Yes,Yes,Yes,No,Yes,No,No,Yes,Yes,No,Yes,Yes,Yes,No,Yes,Yes,Present
No,No,No,No,No,No,No,No,No,No,No,No,No,No,No,No,Yes,No,No,No,No,No,No,No,No,No,No,Yes,Yes,No,Not Present
No,No,Yes,No,No,No,No,No,No,No,No,No,No,No,No,No,No,Yes,Yes,No,Yes,No,No,No,No,No,No,No,No,No,Not Present
Yes,No,Yes,No,No,Yes,No,Yes,No,Yes,No,No,Yes,No,No,Yes,No,No,Yes,No,No,No,Yes,Yes,Yes,Yes,No,No,No,No,Present
Yes,No,Yes,No,No,Yes,No,No,Yes,No,Yes,No,Yes,Yes,Yes,No,Yes,No,Yes,Yes,No,No,No,No,No,No,No,No,Yes,Yes,Present
Yes,Yes,Yes,Yes,No,Yes,No,Yes,No,No,No,Yes,No,Yes,No,Yes,Yes,No,No,No,Yes,Yes,Yes,Yes,Yes,No,Yes,No,No,No,Present
No,No,No,No,No,No,No,No,No,No,No,No,No,No,No,No,No,No,No,No,No,No,No,No,No,No,No,Yes,Yes,No,Not Present
No,No,No,No,No,Yes,No,No,No,No,Yes,No,No,No,No,No,No,No,No,No,No,No,No,No,No,No,No,No,No,No,Not Present
Yes,No,No,Yes,Yes,Yes,Yes,Yes,Yes,Yes,No,No,No,Yes,No,No,No,Yes,No,No,Yes,Yes,Yes,No,Yes,No,No,Yes,No,No,Present
No,No,Yes,No,No,Yes,No,Yes,No,Yes,Yes,Yes,No,Yes,No,No,No,Yes,No,No,Yes,Yes,No,No,Yes,Yes,Yes,No,No,No,Present
No,No,No,No,No,No,No,No,Yes,No,No,No,No,No,No,No,No,No,No,No,No,No,No,No,No,No,No,No,No,No,Not Present
Yes,No,Yes,No,No,No,Yes,Yes,No,Yes,Yes,Yes,Yes,Yes,Yes,Yes,No,Yes,Yes,Yes,Yes,No,Yes,Yes,No,No,No,Yes,Yes,Yes,Present
No,Yes,No,No,No,No,No,No,No,No,No,No,No,No,No,No,No,No,No,No,No,No,No,Yes,No,No,No,No,No,No,Not Present
Yes,No,Yes,Yes,Yes,No,Yes,Yes,No,Yes,No,Yes,No,No,Yes,No,No,Yes,No,No,Yes,No,Yes,No,Yes,No,No,No,No,No,Present
No,No,No,No,No,No,No,No,No,No,Yes,No,No,No,No,No,No,No,No,No,No,No,No,No,No,No,No,No,No,No,Not Present
No,No,No,Yes,No,No,No,No,No,No,No,No,No,No,No,No,No,No,No,No,No,No,No,No,No,No,No,No,No,No,Not Present
No,No,No,No,No,No,No,No,No,No,No,No,No,No,No,No,No,No,No,No,No,No,Yes,No,No,No,No,No,No,No,Not Present
No,Yes,No,No,No,No,No,No,No,No,No,No,No,No,No,No,No,No,No,No,No,No,No,No,No,No,No,No,No,No,Not Present
Yes,Yes,Yes,No,No,Yes,Yes,Yes,No,Yes,No,No,Yes,Yes,No,No,No,No,Yes,Yes,No,No,Yes,No,No,No,Yes,No,Yes,No,Present
No,No,No,Yes,No,Yes,No,No,No,No,Yes,Yes,Yes,No,Yes,Yes,No,No,No,No,No,No,No,Yes,Yes,No,Yes,Yes,Yes,No,Present
No,No,No,No,No,No,No,No,No,No,No,No,No,No,No,No,No,No,No,No,No,No,No,Yes,No,No,No,No,No,No,Not Present
No,No,No,No,No,No,No,No,No,No,No,No,No,No,No,No,No,No,No,No,No,No,No,No,No,No,No,No,No,No,Not Present
No,No,No,No,No,No,Yes,Yes,No,Yes,Yes,No,Yes,No,No,Yes,Yes,No,No,No,No,Yes,Yes,Yes,Yes,Yes,Yes,No,Yes,No,Present
No,No,No,No,No,No,No,No,Yes,No,No,No,No,No,No,No,No,No,No,No,No,No,No,No,No,No,No,Yes,No,No,Not Present
No,No,No,No,No,No,No,No,No,No,No,No,No,No,No,No,No,No,No,No,No,No,No,No,No,No,No,No,Yes,No,Not Present
No,No,Yes,Yes,No,Yes,No,No,Yes,Yes,Yes,No,Yes,Yes,No,Yes,No,No,Yes,Yes,No,Yes,Yes,Yes,No,Yes,No,Yes,Yes,No,Present
Yes,No,No,No,Yes,Yes,No,No,Yes,Yes,Yes,Yes,No,Yes,Yes,No,No,No,Yes,No,No,Yes,Yes,Yes,Yes,Yes,No,Yes,Yes,Yes,Present
No,No,Yes,No,No,No,No,No,No,No,No,No,No,No,No,No,No,No,No,No,No,No,No,No,No,No,No,No,No,No,Not Present
Yes,Yes,No,Yes,Yes,Yes,Yes,No,Yes,No,Yes,No,No,No,No,No,Yes,Yes,No,Yes,Yes,Yes,Yes,Yes,Yes,Yes,Yes,Yes,No,No,Present
No,No,No,No,No,No,No,No,No,No,No,Yes,No,No,No,No,No,Yes,No,No,No,No,No,No,No,Yes,No,No,No,No,Not Present
No,No,No,No,Yes,No,No,No,No,No,No,No,No,No,No,No,No,No,No,No,No,No,No,No,No,No,No,No,No,No,Not Present
No,No,No,No,No,No,No,No,No,No,No,No,No,No,No,No,No,No,No,No,No,No,No,No,No,No,No,No,No,No,Not Present
Yes,No,Yes,No,No,No,Yes,Yes,Yes,Yes,No,No,Yes,No,Yes,No,No,No,Yes,No,Yes,Yes,Yes,No,Yes,Yes,No,Yes,Yes,No,Present
Yes,No,Yes,No,Yes,Yes,No,No,Yes,Yes,No,Yes,Yes,Yes,Yes,Yes,Yes,Yes,Yes,No,Yes,No,Yes,Yes,Yes,Yes,No,No,No,No,Present
No,No,No,No,No,No,Yes,No,No,No,No,No,No,No,No,No,No,No,No,No,No,No,No,No,No,No,No,No,No,No,Not Present
No,No,No,No,Yes,No,No,No,No,No,No,No,No,No,No,Yes,No,No,No,No,No,No,No,No,Yes,No,No,No,No,No,Not Present
Yes,Yes,No,No,Yes,Yes,No,Yes,Yes,Yes,No,Yes,No,No,Yes,No,Yes,Yes,No,Yes,Yes,No,No,Yes,Yes,Yes,No,No,No,No,Present
No,No,No,Yes,No,No,Yes,No,No,No,No,No,No,No,No,No,No,Yes,No,No,No,No,No,No,No,No,No,No,No,No,Not Present
No,No,No,Yes,No,Yes,Yes,No,No,No,No,No,No,No,Yes,Yes,Yes,No,No,Yes,No,No,Yes,Yes,Yes,Yes,Yes,Yes,No,No,Present
No,No,No,No,No,No,No,No,No,No,No,No,No,No,No,No,No,No,No,No,No,No,No,No,No,No,No,No,No,No,Not Present
Yes,No,No,No,No,No,No,No,No,No,No,No,No,No,No,No,No,No,No,No,No,No,No,No,No,No,No,No,No,No,Not Present
Yes,No,Yes,No,Yes,Yes,Yes,Yes,No,Yes,Yes,No,No,No,Yes,Yes,Yes,No,No,Yes,Yes,Yes,Yes,No,Yes,No,Yes,Yes,Yes,No,Present
No,No,Yes,Yes,No,Yes,Yes,Yes,No,No,No,No,No,No,No,No,No,Yes,No,Yes,No,Yes,No,No,No,Yes,Yes,No,No,Yes,Present
No,No,No,No,Yes,No,Yes,Yes,No,Yes,No,No,No,Yes,Yes,No,No,No,Yes,Yes,No,No,No,No,No,Yes,No,No,Yes,No,Present
No,No,Yes,No,No,No,No,No,No,No,No,No,No,No,No,No,No,No,No,No,No,No,No,No,No,No,No,No,No,No,Not Present
Yes,No,No,No,No,No,No,No,No,No,No,No,No,Yes,No,No,No,No,No,No,No,No,No,No,No,No,No,No,No,No,Not Present
Yes,Yes,Yes,Yes,No,Yes,Yes,No,No,Yes,Yes,Yes,Yes,No,Yes,No,Yes,Yes,No,No,No,Yes,Yes,Yes,Yes,No,Yes,No,Yes,Yes,Present
No,No,No,No,No,No,No,No,No,Yes,No,No,No,No,No,No,No,No,No,No,No,No,No,No,No,Yes,No,No,No,No,Not Present
No,No,No,No,No,No,No,Yes,No,No,No,No,No,No,No,No,No,No,No,No,No,No,No,No,No,No,No,No,No,No,Not Present
No,Yes,Yes,Yes,Yes,No,No,No,No,No,Yes,Yes,Yes,Yes,No,Yes,No,No,No,No,Yes,No,Yes,Yes,Yes,No,Yes,Yes,Yes,No,Present
No,Yes,No,No,No,No,No,No,No,No,No,No,No,No,No,No,No,No,No,No,No,No,No,No,No,No,No,No,No,No,Not Present
No,No,No,No,No,No,No,No,No,No,No,No,No,No,No,No,No,No,No,No,No,No,No,No,No,No,No,No,No,Yes,Not Present
No,No,No,No,No,No,No,No,No,No,No,No,No,No,No,No,No,No,No,No,No,No,No,No,No,No,No,No,No,No,Not Present
No,Yes,No,Yes,No,Yes,Yes,No,Yes,Yes,No,No,Yes,No,No,Yes,No,No,No,No,No,No,Yes,No,No,No,No,Yes,Yes,Yes,Present
Yes,Yes,Yes,Yes,Yes,No,Yes,No,No,Yes,No,Yes,Yes,No,No,No,No,No,No,No,No,Yes,Yes,No,No,No,No,No,Yes,No,Present
No,No,Yes,Yes,No,No,No,No,No,No,No,No,No,No,No,No,No,No,No,No,No,No,No,No,No,No,No,No,No,No,Not Present
No,No,Yes,No,No,No,No,No,No,No,No,No,No,No,No,No,Yes,No,No,No,No,No,No,No,No,No,No,No,No,No,Not Present
No,No,No,No,No,Yes,Yes,No,Yes,Yes,No,No,No,Yes,Yes,Yes,Yes,No,No,Yes,No,Yes,Yes,No,Yes,No,No,No,No,No,Present
No,No,No,No,No,No,No,No,No,No,No,No,No,No,No,No,No,No,No,No,No,No,No,No,No,No,No,No,No,No,Not Present
No,No,No,No,No,No,No,No,No,No,No,No,No,No,No,No,No,No,Yes,No,No,No,No,No,No,No,No,No,No,No,Not Present
Yes,Yes,Yes,No,Yes,Yes,Yes,No,No,Yes,Yes,No,No,Yes,No,No,No,Yes,No,Yes,Yes,No,Yes,Yes,No,Yes,Yes,Yes,Yes,Yes,Present
No,No,No,Yes,Yes,No,No,Yes,Yes,No,No,No,Yes,No,Yes,No,No,No,No,No,Yes,Yes,Yes,Yes,No,No,No,No,Yes,No,Present
No,No,No,No,No,No,No,No,No,No,No,No,No,No,No,No,No,No,No,No,No,No,No,No,No,No,No,No,No,No,Not Present
No,No,Yes,No,No,No,No,No,No,No,No,No,No,Yes,Yes,Yes,No,No,No,Yes,Yes,No,Yes,Yes,Yes,Yes,Yes,Yes,Yes,No,Present
Yes,No,Yes,Yes,Yes,Yes,No,No,No,No,No,Yes,No,Yes,Yes,Yes,Yes,Yes,Yes,No,No,No,Yes,Yes,Yes,Yes,No,No,Yes,No,Present
No,No,No,No,No,No,No,No,No,No,Yes,No,No,No,No,No,No,No,No,Yes,No,No,No,No,No,No,No,No,No,No,Not Present
No,No,No,No,No,Yes,No,No,No,No,No,No,No,No,No,No,No,No,No,No,No,No,No,No,No,Yes,No,No,No,No,Not Present
No,No,No,No,No,No,No,No,No,No,No,No,No,No,No,No,No,No,No,No,Yes,No,No,No,No,No,No,No,No,No,Not Present
No,No,No,No,No,No,No,No,No,No,No,Yes,No,No,No,No,No,No,No,No,No,No,No,No,No,No,No,No,Yes,Yes,Not Present
No,No,No,No,No,No,No,No,No,No,No,No,No,No,No,No,No,No,No,No,No,No,No,No,No,No,No,No,No,No,Not Present
No,Yes,No,No,No,No,Yes,Yes,Yes,No,No,Yes,Yes,Yes,Yes,No,Yes,No,Yes,No,Yes,Yes,No,No,Yes,No,No,Yes,No,No,Present
Yes,No,Yes,Yes,Yes,Yes,Yes,No,No,No,Yes,Yes,No,No,No,No,No,Yes,No,Yes,No,Yes,Yes,No,Yes,Yes,Yes,Yes,Yes,No,Present
No,No,No,No,No,No,No,No,No,No,No,No,No,No,No,No,No,No,No,No,No,No,No,No,No,No,No,No,No,No,Not Present
No,No,No,Yes,No,No,No,No,No,No,No,No,No,No,No,No,No,No,No,No,No,No,No,No,No,Yes,No,No,Yes,No,Not Present
No,No,No,No,No,No,No,No,No,No,No,No,No,No,No,No,No,No,No,No,No,No,No,No,No,No,No,No,No,No,Not Present
